{"logos/2.jpg": {"correct_ans": 410, "key_response": 0.08721696548636257, "wrong_ans": 70}, "logos/1.jpg": {"correct_ans": 415, "key_response": 0.1106817845440413, "wrong_ans": 65}, "logos/4.jpg": {"correct_ans": 417, "key_response": 0.09436553561702779, "wrong_ans": 62}, "logos/3.jpg": {"correct_ans": 401, "key_response": 0.09944436327907313, "wrong_ans": 89}}