{"logos/1.jpg": {"correct_ans": 415, "wrong_ans": 69, "key_response": 0.09928672446102604}, "logos/2.jpg": {"correct_ans": 418, "wrong_ans": 72, "key_response": 0.07974443132344017}, "logos/3.jpg": {"correct_ans": 401, "wrong_ans": 89, "key_response": 0.08859588728499243}, "logos/4.jpg": {"correct_ans": 419, "wrong_ans": 62, "key_response": 0.084806432803451}}